{
  "lr": 0.08602654359925306,
  "momentum": 0.12953148778970852
}