{
  "lr": 0.032010950377914904,
  "momentum": 0.3577323857788455
}