{
  "lr": 0.04833651329144538,
  "momentum": 0.8377133389692423
}