{
  "lr": 0.00725649505351675,
  "momentum": 0.25062477482769685
}