{
  "lr": 0.003979424508245639,
  "momentum": 0.7139280749105281
}