{
  "lr": 0.09277125478627572,
  "momentum": 0.2871604708075922
}