{
  "lr": 0.06295256680585024,
  "momentum": 0.4911820641460314
}