{
  "lr": 0.04064023627782089,
  "momentum": 0.13375225877011065
}