{
  "lr": 0.06588809501328656,
  "momentum": 0.8307452017585059
}