{
  "lr": 0.05433478903595361,
  "momentum": 0.5228488039875487
}