{
  "lr": 0.009089786877513426,
  "momentum": 0.8412476448379794
}