{
  "lr": 0.0458508455861706,
  "momentum": 0.5655531427915073
}