{
  "lr": 0.04674439058473553,
  "momentum": 0.6553521822994411
}