{
  "lr": 0.00630865503622499,
  "momentum": 0.4400056715256705
}