{
  "lr": 0.026883186181264954,
  "momentum": 0.7285713235988193
}